urlid,label
5865,0.800475
782,0.231312
6962,0.526096
7640,0.224491
3589,0.666904
6719,0.531895
3905,0.386377
9841,0.891198
7447,0.151379
4776,0.354632
2879,0.590775
2620,0.629673
10479,0.191697
1105,0.265627
1849,0.60216
8286,0.534221
8344,0.758835
10486,0.829739
8661,0.911857
7188,0.338164
1433,0.91784
677,0.694063
469,0.780808
6988,0.236852
8024,0.142469
6896,0.271775
9154,0.454846
342,0.578126
50,0.218636
983,0.130971
6933,0.292853
8271,0.142743
5602,0.318856
4505,0.353412
4966,0.844846
2390,0.326664
6736,0.570437
4660,0.857421
7560,0.657412
3840,0.429291
5823,0.639325
5789,0.787318
1595,0.208912
6770,0.710062
3522,0.743703
5584,0.832847
8323,0.762796
3862,0.550411
373,0.236306
7345,0.313576
7708,0.827624
1398,0.651145
4298,0.36403
7467,0.169048
1878,0.682638
1832,0.161263
625,0.358435
7438,0.287701
9961,0.907287
7117,0.329155
8190,0.285419
1713,0.684034
949,0.0565471
9246,0.265318
2326,0.286166
8942,0.24402
4458,0.693915
4659,0.514513
9522,0.168579
2497,0.767549
9836,0.39323
3808,0.887557
5575,0.817115
5714,0.430508
2490,0.789762
6812,0.394168
4335,0.23258
10014,0.793098
5889,0.650022
482,0.837825
8082,0.26806
5856,0.83278
8866,0.680187
2624,0.892551
1371,0.674834
4436,0.249956
2972,0.852439
3638,0.686086
6249,0.671259
7602,0.122021
9624,0.781998
7567,0.344747
6578,0.375575
7590,0.690587
8590,0.747284
10520,0.650643
1906,0.437755
1373,0.28921
1601,0.758388
4754,0.220666
8208,0.196616
1658,0.858298
1352,0.848914
8143,0.730686
7760,0.612268
7836,0.545736
9769,0.507542
503,0.65293
4909,0.16523
7162,0.335333
10035,0.642449
1992,0.646578
6133,0.349569
8519,0.254375
1879,0.531438
7107,0.506133
1225,0.512322
2451,0.709741
8252,0.120172
9214,0.774651
4850,0.870715
5891,0.115345
5274,0.634359
8623,0.115373
562,0.790594
860,0.454323
4199,0.775754
7616,0.421531
10544,0.48448
1567,0.787071
6552,0.160225
954,0.236413
111,0.483891
7036,0.593193
1995,0.917373
7095,0.320387
10180,0.589708
6872,0.788712
4805,0.937061
355,0.66856
8097,0.844476
9271,0.810651
431,0.539153
1646,0.644309
143,0.819509
3436,0.231968
150,0.692992
9745,0.215831
715,0.22948
578,0.441723
8684,0.859089
1186,0.694276
9115,0.516448
9239,0.230797
5461,0.836946
5424,0.654373
1349,0.86762
609,0.795427
7569,0.427826
1622,0.546095
6541,0.102711
9873,0.709701
305,0.147369
6041,0.541604
5360,0.543799
8445,0.649919
7260,0.406664
4526,0.824112
138,0.649619
168,0.208822
7888,0.683566
4639,0.678018
867,0.420173
9673,0.835449
710,0.488585
4749,0.238478
4716,0.202708
410,0.780766
2155,0.865278
3289,0.508081
7774,0.463087
1200,0.480375
9057,0.514427
2261,0.169356
9612,0.389835
4987,0.610121
3605,0.838262
5068,0.887845
4474,0.912129
5831,0.683812
4729,0.332995
10060,0.517637
6895,0.243053
3791,0.834402
7910,0.13976
4209,0.192824
4984,0.743723
1773,0.272348
2101,0.258365
7251,0.112741
2887,0.390848
875,0.614045
8185,0.193947
9688,0.804048
5342,0.263929
6802,0.77201
3077,0.569268
712,0.106158
3026,0.500069
2640,0.336202
4872,0.713681
3334,0.794001
2431,0.409995
9218,0.227843
7417,0.684777
3563,0.796375
1006,0.469725
8940,0.224649
7703,0.258948
2686,0.243954
8159,0.849595
37,0.254605
65,0.387766
1910,0.493851
2202,0.843111
9717,0.706003
2388,0.686467
2365,0.457712
5072,0.680244
4614,0.206794
6955,0.573857
4094,0.122576
3319,0.880606
1456,0.839317
5381,0.681269
4479,0.4975
4766,0.229858
6076,0.69716
8064,0.619353
3416,0.891978
4892,0.204557
9942,0.769542
9215,0.548581
4506,0.659247
9275,0.468729
1306,0.812488
6828,0.848051
8368,0.726668
7205,0.163144
360,0.816074
3386,0.292552
3835,0.654408
1305,0.188638
7963,0.231552
2073,0.609018
4230,0.421476
9012,0.146814
2723,0.803998
6788,0.907267
7945,0.250344
4868,0.826755
6597,0.707124
7323,0.120036
6229,0.33405
3427,0.569069
7727,0.19128
4707,0.838955
2547,0.660529
4523,0.806661
9648,0.292228
1084,0.172863
3327,0.832281
5591,0.25746
186,0.120356
2938,0.324944
9912,0.819279
6047,0.512286
2417,0.691156
10533,0.0924425
1137,0.575792
1533,0.941339
9233,0.579645
43,0.203041
8986,0.229671
6000,0.870827
480,0.38752
2457,0.497401
5362,0.310516
7722,0.489356
7940,0.656928
6104,0.86626
8853,0.157499
5813,0.738173
4769,0.356194
2544,0.56469
6379,0.232083
5262,0.221925
9885,0.202104
10081,0.360583
1315,0.437807
3388,0.0888288
3473,0.748372
2117,0.587443
9411,0.416251
9379,0.87213
4236,0.136014
2049,0.136366
4786,0.266562
1604,0.43441
7659,0.143914
8152,0.258346
5417,0.323253
160,0.214218
6826,0.856102
1815,0.56338
3647,0.6742
5605,0.240912
3526,0.865067
3854,0.939414
1053,0.102358
2411,0.46511
6015,0.400381
2089,0.939553
7745,0.712533
6816,0.574505
3934,0.492178
6547,0.097582
3758,0.825416
7158,0.624613
1584,0.245278
2982,0.814731
7679,0.742682
5286,0.818104
3776,0.642209
1235,0.54163
6294,0.70156
1012,0.768029
10318,0.101128
7134,0.453785
5180,0.603588
2108,0.621666
3639,0.630893
6729,0.312047
2472,0.385909
10235,0.597944
190,0.911215
4713,0.722481
6827,0.419596
6108,0.86271
1114,0.859128
4848,0.342516
606,0.263201
1573,0.80369
8546,0.322626
5193,0.458201
2936,0.283274
5104,0.666576
6712,0.787746
3055,0.238716
74,0.873792
7726,0.677497
9183,0.509765
162,0.180286
7288,0.488725
8657,0.756462
1295,0.0749791
8207,0.652016
4433,0.798298
590,0.828796
10549,0.090887
7749,0.675906
405,0.944543
10267,0.873873
7133,0.474435
7584,0.740171
6616,0.645474
1719,0.412931
9761,0.596429
5859,0.300327
5662,0.162516
1736,0.457334
9333,0.529541
1102,0.0914612
2790,0.689658
6598,0.651606
7995,0.815739
4452,0.766407
159,0.29472
511,0.684505
7006,0.743369
1123,0.698034
6073,0.371021
7094,0.142084
10008,0.542823
7573,0.143494
679,0.281208
6809,0.387122
1108,0.153102
380,0.212222
204,0.091327
7075,0.274523
2550,0.588029
9785,0.432674
5036,0.595537
3129,0.470501
6495,0.741233
880,0.445516
2360,0.119096
7839,0.408991
350,0.518516
9151,0.809458
6650,0.464948
7208,0.638637
5840,0.197746
5997,0.139038
2103,0.741956
713,0.635007
7771,0.280131
10255,0.462429
3944,0.877789
4250,0.254794
2833,0.093142
3052,0.364263
7855,0.889748
4152,0.278137
4445,0.775755
10036,0.64335
9727,0.550465
2234,0.220456
9632,0.861572
626,0.341677
1644,0.274213
4859,0.855126
3987,0.101642
5884,0.821797
4112,0.698761
10392,0.226449
2962,0.233759
21,0.4302
8524,0.777994
2543,0.358599
663,0.520792
2748,0.694307
3451,0.32038
964,0.795233
10560,0.756623
2428,0.382939
4520,0.400717
7660,0.698508
6583,0.602527
10390,0.363671
688,0.151596
7957,0.739728
3356,0.716087
1766,0.100287
9128,0.577756
2340,0.303124
9421,0.103124
7712,0.437211
8200,0.168617
8762,0.371137
6446,0.62335
5194,0.281464
960,0.430197
779,0.804043
3584,0.581227
3011,0.532817
2769,0.423409
1392,0.502652
7254,0.915504
9084,0.443913
9622,0.484099
3665,0.352427
1609,0.230078
6130,0.315361
10155,0.104832
7826,0.847618
8300,0.535468
5038,0.600914
7582,0.648283
9561,0.198346
7430,0.712044
5045,0.633423
10421,0.266754
5675,0.332401
4687,0.456453
4944,0.830629
5105,0.907531
148,0.415171
6371,0.145731
8108,0.4469
4354,0.505011
6077,0.721433
4292,0.677071
10068,0.568075
5821,0.56438
1042,0.711105
7715,0.350608
9703,0.269227
2761,0.439392
7002,0.0809572
7313,0.695664
9050,0.380255
5518,0.237305
10556,0.756462
1078,0.273398
9699,0.624571
10445,0.849569
8748,0.690011
2960,0.354846
4317,0.176766
939,0.194586
8423,0.254735
5196,0.25495
8151,0.209203
7199,0.870485
1574,0.540934
8566,0.470579
7389,0.469607
1177,0.621709
10282,0.777393
10098,0.598634
4512,0.409932
4055,0.864
8431,0.666334
4532,0.274815
10450,0.258552
5754,0.638629
1882,0.723806
1563,0.874933
4871,0.865027
8440,0.312104
3253,0.663674
8270,0.473074
4610,0.15764
9619,0.150236
8786,0.20829
2889,0.638132
9781,0.313126
5061,0.291942
7059,0.859988
2064,0.87425
1587,0.481482
1934,0.850339
5516,0.110783
9853,0.539288
7867,0.493316
1556,0.575622
5495,0.476249
4274,0.161501
8177,0.441112
9491,0.866357
9813,0.115895
2205,0.279707
2710,0.479133
2992,0.318059
7998,0.290736
6428,0.677666
6638,0.304298
3035,0.719847
1578,0.451622
1324,0.591807
2316,0.862629
9326,0.481995
7359,0.882411
7741,0.552053
5143,0.293718
8196,0.642765
630,0.26417
8481,0.854703
8497,0.318181
5409,0.719319
5749,0.476759
8219,0.711432
9571,0.639671
4886,0.824959
5367,0.193102
1185,0.428448
8291,0.479483
1590,0.440972
7698,0.312809
51,0.532411
8784,0.341308
3928,0.188764
5987,0.16558
7008,0.888046
7482,0.776644
9374,0.166271
1296,0.52458
10289,0.689009
2986,0.272213
4651,0.224686
8594,0.601669
7469,0.703267
2871,0.262035
1903,0.802264
8571,0.766802
4832,0.679855
1242,0.643114
7115,0.391636
3599,0.444301
2065,0.511917
4529,0.534616
763,0.376293
6698,0.908828
2002,0.81481
2020,0.677701
5229,0.525932
8243,0.301659
6936,0.736587
9360,0.811755
4360,0.245658
7951,0.496426
6701,0.68102
7574,0.812586
2426,0.234801
1681,0.85574
7135,0.36643
3688,0.155758
3872,0.485248
558,0.17292
2228,0.659557
8170,0.266849
7171,0.530092
7756,0.143467
3609,0.453466
3985,0.493489
1139,0.488612
3453,0.648767
7583,0.399155
9788,0.893543
10175,0.707319
6059,0.243705
104,0.374524
10168,0.29032
8902,0.940065
5343,0.887111
4239,0.188
6767,0.486149
6269,0.216439
6682,0.19562
9558,0.345661
2416,0.416013
6592,0.258273
6196,0.392095
2751,0.912242
3412,0.708832
8302,0.714415
1120,0.604739
8005,0.152216
6637,0.407966
6440,0.45572
6679,0.82778
8039,0.804034
5357,0.865501
8844,0.795181
2964,0.205697
6040,0.29746
7259,0.690261
8974,0.708037
7439,0.25222
1045,0.231907
7706,0.364568
9724,0.370697
3698,0.31648
7339,0.761864
1749,0.295656
7257,0.178648
2963,0.851261
7775,0.440527
10501,0.28521
4258,0.867675
7908,0.911946
722,0.56734
6519,0.39289
6916,0.375428
4456,0.772852
2731,0.378705
917,0.684798
4107,0.512516
7894,0.590614
2540,0.0723646
8455,0.808517
10406,0.792981
8909,0.322745
5489,0.250576
306,0.831111
3894,0.372162
2735,0.0580858
4939,0.478054
1551,0.600316
777,0.741979
2160,0.832241
8599,0.902398
2727,0.268952
6362,0.268897
1417,0.850777
10343,0.190076
4866,0.772108
2682,0.526563
9856,0.209732
4498,0.404454
7450,0.153931
6899,0.330052
5649,0.858683
6086,0.344944
1618,0.201481
9926,0.249138
2847,0.41532
8099,0.652537
5724,0.554684
3358,0.11796
8136,0.35334
955,0.438327
8819,0.30369
5832,0.687644
10413,0.795942
6548,0.212619
8407,0.425787
10090,0.376494
8564,0.481155
808,0.795357
5303,0.187302
8913,0.823393
9425,0.799038
9543,0.828004
1219,0.659693
9575,0.715221
4019,0.659257
6223,0.794105
9588,0.131138
4739,0.388395
10492,0.719839
2017,0.601782
5524,0.855147
7449,0.852121
5734,0.352719
5456,0.387554
797,0.730238
5525,0.324956
8265,0.308054
1981,0.86641
8977,0.870916
6241,0.83248
6021,0.643404
7720,0.315356
8632,0.271334
6705,0.311837
2476,0.754956
3510,0.454336
8887,0.580475
10115,0.273783
9061,0.144765
5570,0.269484
2763,0.679493
1437,0.635628
3448,0.219536
3529,0.229984
3156,0.247081
4604,0.869357
6776,0.606593
10227,0.473254
1545,0.584764
10487,0.183709
993,0.462598
1161,0.888047
7975,0.714097
1591,0.168209
7804,0.847045
5048,0.241743
10454,0.766314
3567,0.0816896
5886,0.534496
9937,0.38089
3931,0.555332
9706,0.962649
10193,0.554492
5569,0.814901
9747,0.453363
2217,0.836782
5936,0.15219
3885,0.767571
1086,0.420982
1799,0.772086
9763,0.67982
3299,0.26144
8268,0.769573
473,0.170973
337,0.764323
9381,0.582983
6426,0.447611
1210,0.368544
4986,0.612204
8285,0.556339
2024,0.65359
245,0.85821
4807,0.497697
2208,0.674312
9835,0.274304
8963,0.708439
9946,0.400044
5230,0.281777
2788,0.418289
674,0.731218
1629,0.812952
2300,0.394999
169,0.262415
3575,0.813748
6910,0.441553
1479,0.296367
10498,0.662645
8062,0.703916
9672,0.216308
9467,0.421368
6763,0.633581
8508,0.245388
1034,0.43502
3756,0.275252
9263,0.498059
8141,0.412683
532,0.887636
7022,0.217079
4024,0.430363
3298,0.429621
5641,0.297766
10455,0.344952
5206,0.86594
7005,0.299971
8971,0.208658
8358,0.666336
257,0.197823
78,0.821203
6333,0.612762
7969,0.0809439
2505,0.616526
2004,0.768966
3748,0.631756
5668,0.621589
365,0.160996
9651,0.39922
2324,0.207899
3902,0.118003
9294,0.273928
5377,0.305879
2817,0.826121
7670,0.265219
4755,0.878998
255,0.857114
2714,0.56747
2922,0.442514
5517,0.702094
5157,0.76733
64,0.17795
5300,0.26754
451,0.149491
3941,0.737897
326,0.321392
3757,0.150427
8798,0.65563
2315,0.868405
6755,0.822715
2916,0.671524
7406,0.593269
3703,0.794485
5403,0.41383
622,0.300144
9,00.286914
5848,0.677057
8670,0.324199
1156,0.137401
10179,0.142337
2028,0.802512
3924,0.676569
620,0.158598
1963,0.683422
4537,0.41879
8970,0.196341
3024,0.869527
6140,0.877559
1866,0.264952
4442,0.824859
2312,0.488986
6749,0.518117
459,0.681433
1516,0.675683
8817,0.351829
4912,0.0802422
2076,0.497022
10023,0.765225
7684,0.203782
3531,0.349704
6209,0.716895
10508,0.909486
8678,0.711925
3541,0.451823
1208,0.744644
4090,0.723419
1097,0.280024
5099,0.72322
2816,0.666583
4291,0.621184
1409,0.747485
6401,0.210166
4617,0.705274
6111,0.197956
6172,0.862769
10357,0.274725
8465,0.876359
3867,0.268813
9495,0.696341
4348,0.583015
7879,0.497052
9273,0.668364
3252,0.417658
9167,0.60735
2573,0.322
7395,0.806366
9046,0.193362
1526,0.489706
9339,0.167247
10301,0.787905
7588,0.656677
1104,0.148056
1310,0.0409965
6631,0.246011
10475,0.216518
9090,0.251059
1528,0.189479
1657,0.82136
1175,0.272161
1895,0.360249
3864,0.451689
4700,0.212719
3572,0.662363
10507,0.405909
269,0.558887
5744,0.774961
1687,0.183001
3020,0.494259
4974,0.876777
5119,0.599617
1916,0.64539
6687,0.885349
2197,0.675817
8641,0.0981013
10073,0.842036
1967,0.231192
4999,0.46718
9816,0.241463
734,0.841605
9665,0.402364
5092,0.92473
2591,0.772669
9877,0.696906
4601,0.782955
7734,0.301416
7185,0.608797
6405,0.61008
7003,0.506613
928,0.226284
6490,0.485947
1586,0.217292
10139,0.824889
1192,0.502424
10526,0.275781
5544,0.793995
8779,0.399044
4497,0.513016
3059,0.762151
2181,0.46767
2303,0.390801
1190,0.707939
1468,0.200975
8771,0.490361
8997,0.728297
6365,0.678359
10355,0.287093
3478,0.533855
3764,0.253731
3542,0.270823
4941,0.401672
1840,0.598734
463,0.19669
7407,0.419814
7711,0.789577
6044,0.254938
3750,0.790537
10114,0.151056
1332,0.711844
425,0.919402
3479,0.880881
1979,0.729924
2994,0.669165
207,0.422726
5820,0.826648
9187,0.484181
5423,0.898856
2743,0.111735
2902,0.766937
9126,0.89716
7903,0.649474
4100,0.587406
3578,0.730112
6061,0.478769
5081,0.404695
4575,0.10706
6695,0.799069
5960,0.12613
10186,0.182056
6795,0.429717
10022,0.216574
5841,0.767421
7481,0.332069
9331,0.521825
400,0.817674
6907,0.506524
10393,0.752062
3709,0.825285
4726,0.884051
3007,0.221988
4723,0.289503
597,0.234028
1810,0.670771
4131,0.442721
4697,0.671677
8838,0.638792
5956,0.267522
4196,0.641903
63,0.79682
1714,0.329689
904,0.474639
9715,0.808021
4,00.497564
5462,0.521781
259,0.155388
5418,0.16018
6849,0.179517
9893,0.537148
10003,0.712447
4976,0.182065
7611,0.884952
900,0.193643
3746,0.582955
3893,0.139363
2966,0.161297
9667,0.8078
9734,0.584172
8123,0.369704
8470,0.82137
4058,0.416417
4623,0.802027
3782,0.247177
7966,0.543621
6003,0.56668
2168,0.662329
422,0.355242
6381,0.463806
1136,0.670473
3443,0.694809
2214,0.55825
9973,0.831513
1593,0.565306
5474,0.564912
812,0.836561
4703,0.125589
4294,0.824442
10021,0.199622
395,0.402803
3237,0.716338
9099,0.190859
2401,0.237917
10371,0.329192
3420,0.755557
3460,0.903577
9088,0.610661
5995,0.875234
3084,0.88599
3595,0.5377
9524,0.858605
167,0.265143
9743,0.790044
6109,0.531644
433,0.193414
6292,0.121634
8125,0.376812
4035,0.427592
2929,0.698836
8810,0.820337
4403,0.0286145
3925,0.809001
1290,0.756832
3689,0.730797
6709,0.178294
8021,0.519874
6237,0.819917
1453,0.495994
7340,0.277899
6078,0.647484
2369,0.216871
1781,0.386696
3830,0.884529
7625,0.468508
8150,0.345201
1680,0.402507
7077,0.186135
3360,0.763009
7927,0.84539
244,0.337646
8107,0.672759
820,0.878296
5915,0.822043
924,0.211985
9207,0.648408
4077,0.827524
6052,0.666666
508,0.847139
8105,0.267958
4405,0.316107
7558,0.336788
6094,0.774185
484,0.688225
8927,0.435594
310,0.223046
8075,0.63261
1094,0.309301
3211,0.517387
1700,0.874852
4816,0.551759
9354,0.670156
8845,0.627158
7530,0.758143
1520,0.312355
1087,0.799605
5786,0.649257
6847,0.753788
999,0.558556
5308,0.67582
6569,0.754267
10200,0.331525
5868,0.594212
1757,0.33897
4625,0.694955
2955,0.722779
6187,0.857128
9931,0.70607
4883,0.558116
2488,0.769442
156,0.848901
2820,0.548587
1311,0.399641
1517,0.387431
3640,0.369524
5763,0.154381
6689,0.64311
1193,0.364083
8217,0.723084
10327,0.659531
5042,0.475556
6903,0.129364
2068,0.767104
7614,0.394604
8842,0.144821
2445,0.533163
10276,0.431999
4931,0.433416
6842,0.63448
5927,0.347775
6207,0.484091
4539,0.541824
8721,0.275546
3618,0.402034
2580,0.11775
5321,0.626664
3181,0.342427
4742,0.487374
3340,0.726445
8310,0.689573
3948,0.62832
2126,0.671312
10436,0.370094
9635,0.814438
9022,0.0987677
8576,0.144961
2522,0.148305
7341,0.60097
7377,0.789616
7636,0.378366
2536,0.756185
2706,0.801493
4814,0.38893
6032,0.342214
2630,0.661037
1857,0.575759
5412,0.820759
1957,0.253431
9805,0.225596
9256,0.407326
1055,0.728519
8439,0.631287
317,0.54422
6126,0.121674
9970,0.497969
6008,0.287249
2811,0.233558
10214,0.232403
10337,0.108832
6563,0.494248
5611,0.781227
6358,0.390623
8446,0.201541
974,0.401317
4839,0.409016
4806,0.744578
4597,0.466103
4649,0.232994
7744,0.862653
5826,0.646617
6118,0.344174
6785,0.157624
301,0.775154
3192,0.808135
9854,0.690802
9227,0.927073
4768,0.178907
2961,0.264611
4564,0.137318
2484,0.236478
1606,0.176643
2864,0.182747
2884,0.323237
2753,0.137793
4366,0.685901
2470,0.510486
6369,0.391527
2754,0.2281
2501,0.248195
8890,0.208416
2093,0.70093
4937,0.445273
2850,0.443735
3706,0.187337
6645,0.729955
5799,0.720059
4229,0.845815
4900,0.376837
7883,0.220095
4629,0.893013
6459,0.753711
10381,0.860249
220,0.777882
761,0.519698
4264,0.919527
6633,0.664541
1424,0.887753
7017,0.465466
6901,0.362925
7126,0.21097
881,0.581333
6382,0.503549
7502,0.667048
1911,0.62397
3076,0.554421
9281,0.264032
1534,0.689596
8378,0.332949
4717,0.671735
7012,0.850055
9028,0.594056
5407,0.793583
274,0.674015
9465,0.624738
5164,0.310554
937,0.494336
5264,0.809824
8051,0.485469
10304,0.565053
2403,0.18516
1697,0.855554
8142,0.205753
3734,0.174117
8487,0.315792
5123,0.819357
8726,0.412608
2336,0.683598
7376,0.202591
2793,0.425762
1998,0.276733
319,0.924361
6783,0.195966
6911,0.797943
3078,0.779191
3310,0.815553
4790,0.687677
2712,0.548342
2968,0.860346
7777,0.629495
10442,0.451272
1654,0.716379
10438,0.560899
4509,0.495914
3963,0.283063
5043,0.289975
5421,0.916103
6465,0.352231
8034,0.755801
806,0.67726
1090,0.329458
1566,0.653533
10187,0.671259
2634,0.846072
569,0.809746
135,0.296796
3732,0.719176
6247,0.737844
10466,0.349239
8429,0.439646
6725,0.22724
6128,0.0565394
8496,0.241119
2433,0.676218
5552,0.826464
7122,0.632002
376,0.212222
796,0.500249
6121,0.704573
8960,0.747254
5686,0.261542
2213,0.724311
6602,0.680277
3357,0.837275
1997,0.271347
691,0.360012
4370,0.627235
9660,0.825258
7189,0.254224
6660,0.208858
2074,0.712872
5375,0.906468
1816,0.194795
9802,0.852832
7654,0.84846
3784,0.606545
9604,0.797294
6397,0.702843
7125,0.687778
1460,0.651647
5718,0.626204
5452,0.811634
7064,0.687
8272,0.790996
3620,0.881165
2772,0.400183
5150,0.265739
125,0.373828
1005,0.144471
616,0.690197
9056,0.166974
3972,0.034641
746,0.164229
10286,0.921744
723,0.695964
1283,0.712005
8009,0.68733
8509,0.436382
8220,0.666396
7393,0.933538
8499,0.371526
3789,0.0988056
9658,0.624084
8171,0.335043
1985,0.622176
733,0.19464
6706,0.37117
6282,0.262761
7243,0.451859
3995,0.732272
4375,0.744863
1647,0.57061
9306,0.814555
9272,0.350371
9464,0.23385
5340,0.309631
5475,0.874077
4911,0.781558
9315,0.654706
811,0.427138
6395,0.609294
3229,0.446473
2250,0.625176
8433,0.719676
10428,0.530291
10461,0.587722
8408,0.757625
3945,0.728006
863,0.821687
4683,0.265217
1162,0.785786
9132,0.587798
1076,0.195969
7236,0.407951
3218,0.474781
6866,0.209408
4997,0.626058
9121,0.507212
8696,0.25397
3313,0.413037
1421,0.453824
80,0.474651
8163,0.547644
4583,0.79714
4053,0.157343
8693,0.265253
4139,0.49388
6976,0.481119
3549,0.627863
5534,0.200693
1638,0.763106
6375,0.789788
1008,0.691175
9120,0.866625
8071,0.585923
3266,0.849497
10482,0.865682
5288,0.185795
6302,0.423226
2183,0.397197
9199,0.318032
5441,0.138762
4418,0.446511
7287,0.751754
1532,0.704783
2978,0.543601
1230,0.515432
6423,0.754021
9643,0.393139
5142,0.204181
9368,0.665465
6132,0.699362
9031,0.594688
4767,0.794014
844,0.302848
10296,0.278911
9045,0.590161
10469,0.125342
9223,0.435729
9340,0.456753
1226,0.518545
686,0.539913
4037,0.884865
7620,0.434194
9322,0.713844
2943,0.391794
6549,0.528679
8124,0.251051
1803,0.863062
8025,0.178202
368,0.171142
3660,0.373209
4943,0.219197
9143,0.173194
958,0.644224
4272,0.50229
200,0.439506
7314,0.923973
7827,0.443211
252,0.464808
2242,0.801367
2804,0.177008
8802,0.269891
7645,0.810366
7228,0.883327
9200,0.130875
4738,0.843712
4513,0.817359
7999,0.208622
3938,0.234835
8127,0.812065
9265,0.185914
7353,0.777802
4772,0.617473
4461,0.244633
1335,0.583242
9018,0.687669
10460,0.756029
7956,0.323163
1238,0.273803
2552,0.861459
6517,0.672322
5925,0.660285
7413,0.276704
3728,0.256085
1103,0.808318
3704,0.727797
8413,0.855835
4533,0.672623
5449,0.677665
7306,0.41389
1401,0.832816
7365,0.600587
8363,0.158637
3656,0.740917
5683,0.691762
1940,0.422019
8674,0.220608
6745,0.0559041
4431,0.89149
2263,0.905144
7506,0.763142
4059,0.913783
4588,0.28675
8692,0.886826
7258,0.888791
5448,0.788155
8865,0.402963
1119,0.247413
7642,0.929135
9981,0.701111
181,0.841419
7528,0.596152
9086,0.611893
4963,0.347955
5292,0.242536
1254,0.618013
2125,0.692396
5601,0.815195
2758,0.762216
1922,0.428979
5440,0.58445
3001,0.617596
4011,0.417091
8604,0.716072
2779,0.388123
1568,0.134301
10123,0.691973
9053,0.557971
8028,0.727566
82,0.646183
2845,0.956864
10221,0.700839
8598,0.640214
5011,0.735237
7401,0.420211
8687,0.475346
8767,0.867009
10046,0.163531
1920,0.53919
4364,0.916072
9395,0.590202
3602,0.439129
9038,0.349085
7786,0.39728
5106,0.613366
9337,0.0945673
1575,0.228074
10291,0.539018
2965,0.912805
1478,0.285017
3625,0.308873
7329,0.881544
4116,0.559986
9136,0.37373
6870,0.838596
4073,0.669281
7863,0.53196
7437,0.318244
278,0.840014
1977,0.545314
8570,0.642288
6800,0.272596
8964,0.336081
7534,0.83259
6539,0.914847
645,0.593372
8223,0.290784
610,0.362327
1512,0.839711
8340,0.788069
4524,0.397407
7465,0.422785
6313,0.594553
1873,0.393281
1015,0.885365
444,0.336013
4967,0.675875
8988,0.741281
3199,0.643403
8020,0.810181
6103,0.33242
362,0.313856
7325,0.674816
5730,0.458708
10448,0.819848
1452,0.389225
6669,0.603323
7892,0.607803
7859,0.816614
5866,0.767799
2970,0.667672
9609,0.430006
893,0.618138
4176,0.649354
4280,0.176826
3970,0.371011
4516,0.179341
7503,0.533775
7955,0.805822
9852,0.695013
8380,0.809857
9284,0.829003
10386,0.190099
4004,0.634369
5328,0.51693
9274,0.814709
4646,0.492554
396,0.818648
5513,0.451221
4117,0.183676
3751,0.154666
9767,0.50291
1071,0.663358
7812,0.723292
5059,0.207773
2667,0.481967
9304,0.201197
10385,0.250384
7930,0.647563
5225,0.332037
9839,0.291871
2831,0.460879
2387,0.178969
3433,0.517202
5101,0.459466
6357,0.838144
5476,0.644783
3807,0.804646
10232,0.200501
1508,0.589807
6993,0.645455
5505,0.255355
6009,0.186039
5301,0.680374
6766,0.253827
2248,0.722967
8572,0.490567
852,0.334915
7871,0.818934
6926,0.607809
10220,0.81724
9007,0.809029
6990,0.785051
2012,0.650133
5645,0.472191
9091,0.754432
3797,0.419468
7201,0.467393
672,0.718243
1257,0.796475
2010,0.162897
8222,0.764794
9636,0.466523
2746,0.687884
2919,0.714572
5231,0.293124
5625,0.481069
10254,0.639109
2651,0.615226
1740,0.839854
3212,0.680019
10502,0.322064
7139,0.382989
7210,0.516499
10049,0.592897
1621,0.509013
2301,0.300702
5798,0.745753
3812,0.776032
6190,0.638791
5503,0.184896
9972,0.398907
5646,0.349232
2003,0.832375
1069,0.466698
9656,0.777507
279,0.951602
4328,0.639815
7105,0.465793
1643,0.341579
3108,0.541958
3106,0.293253
1626,0.162934
9838,0.296697
6994,0.527988
3463,0.196642
781,0.42758
4337,0.342851
1639,0.379903
416,0.0953966
7687,0.719323
9610,0.0716407
2519,0.402185
10210,0.258335
8633,0.886458
1276,0.77188
4764,0.623459
7674,0.512006
6550,0.718045
3853,0.586896
341,0.224445
6258,0.118373
1884,0.801087
2855,0.160805
2196,0.301101
5326,0.698493
6380,0.257502
5580,0.147417
4563,0.089971
10414,0.67769
3226,0.738698
3175,0.656684
9457,0.42909
1705,0.287602
5910,0.20673
375,0.568764
10333,0.346023
3852,0.613176
1971,0.0562153
8720,0.613329
1860,0.624082
10349,0.812848
4605,0.500745
7358,0.779281
8258,0.419594
5678,0.353715
694,0.701266
8482,0.448332
1924,0.471798
3716,0.697509
3282,0.290617
5746,0.253754
1518,0.318469
8741,0.124804
7630,0.512699
8276,0.189544
6939,0.669586
1435,0.708223
8157,0.442563
1041,0.350668
4478,0.622603
8307,0.214931
2094,0.848777
5916,0.653664
9848,0.853397
4803,0.420199
2147,0.198975
295,0.828157
861,0.108606
3822,0.392153
5609,0.832492
9450,0.43
4122,0.158524
10558,0.343653
4285,0.276491
6184,0.753655
7295,0.278061
1926,0.79322
5026,0.260488
7952,0.826445
4194,0.112132
639,0.671427
2130,0.213494
3119,0.351394
3251,0.26259
5803,0.116701
9553,0.410645
5937,0.81835
2133,0.55422
693,0.128396
5944,0.696521
2227,0.63612
9915,0.212036
4044,0.68997
6033,0.229419
3270,0.756445
7050,0.479347
6185,0.60847
7984,0.603707
2109,0.853111
2244,0.517892
2481,0.192848
4332,0.809417
6016,0.632493
10162,0.674465
2453,0.62
6228,0.0255312
6166,0.335476
1411,0.62238
254,0.521833
7479,0.266392
1476,0.345103
7801,0.614918
4988,0.295131
4694,0.39894
10194,0.572214
2574,0.877337
8334,0.263958
419,0.493229
8643,0.885399
2548,0.320516
4615,0.792361
8772,0.362577
10463,0.754482
6756,0.573787
1503,0.904973
4095,0.218996
1723,0.687373
8829,0.27311
10085,0.525294
4796,0.233931
9756,0.275022
2158,0.192822
7273,0.487556
3056,0.333301
656,0.742208
3074,0.137235
4661,0.742283
3958,0.773162
4311,0.23033
8375,0.821218
7442,0.529541
3839,0.442181
6179,0.291084
3786,0.565564
8520,0.964019
3664,0.19612
2014,0.758154
8298,0.51957
4220,0.308526
10127,0.839948
6182,0.594087
3206,0.765708
8503,0.806528
5682,0.604828
5699,0.163804
6215,0.788707
1394,0.131851
9582,0.676516
10070,0.845211
4940,0.876226
4193,0.320746
3400,0.769823
4785,0.467492
7460,0.734326
5838,0.397595
2503,0.322674
2730,0.844732
7156,0.300239
5511,0.851298
438,0.753136
2233,0.902187
2016,0.214054
139,0.622546
384,0.336641
2313,0.162377
5145,0.813716
7864,0.469449
1195,0.760446
5365,0.139599
6977,0.308888
10001,0.517424
567,0.269093
9950,0.713595
157,0.208456
6553,0.743447
7337,0.0592138
349,0.358198
4874,0.508561
10313,0.762742
8421,0.629414
9469,0.320141
9314,0.753176
3663,0.219566
7216,0.0826615
8871,0.291534
5743,0.813525
2072,0.703471
2654,0.217831
5908,0.4383
9863,0.134689
457,0.382215
6965,0.209999
3030,0.419029
7765,0.249419
748,0.189639
6304,0.269395
9606,0.333582
10351,0.225275
406,0.607634
8120,0.158986
8486,0.738357
6998,0.898858
77,0.795166
841,0.287222
7709,0.217694
7404,0.932653
5606,0.445832
965,0.682605
3163,0.195764
10192,0.525008
6163,0.281333
9865,0.40192
9518,0.203261
1267,0.217937
2051,0.862748
2046,0.164939
1464,0.90578
2153,0.138775
6612,0.635618
4971,0.646437
866,0.0881088
4124,0.449551
5086,0.685159
4351,0.502642
8101,0.176952
7912,0.507594
2504,0.70695
2837,0.158649
2034,0.731177
4844,0.772166
7780,0.172464
5901,0.195546
3296,0.365587
7299,0.83242
8574,0.558519
7472,0.836225
2276,0.231474
5980,0.347007
3184,0.463942
4359,0.36899
1064,0.819359
9039,0.165736
6376,0.288292
1706,0.651702
7970,0.200845
3540,0.66381
1407,0.641011
4561,0.433542
6691,0.893947
7172,0.543716
1923,0.385705
4407,0.790137
6777,0.199523
2600,0.524491
1936,0.115468
9778,0.140731
2766,0.550727
6668,0.6438
9013,0.478548
4319,0.296796
3263,0.720513
1612,0.797152
5132,0.295307
216,0.85345
7232,0.569848
9373,0.41161
5030,0.643585
10107,0.670233
8309,0.64037
8449,0.744088
6961,0.185798
4954,0.477885
7344,0.694953
8146,0.878546
1132,0.698802
6145,0.743994
1353,0.744795
3624,0.768121
5058,0.891507
9789,0.611328
7290,0.4303
8583,0.544394
1088,0.825491
9210,0.678032
8240,0.294732
3326,0.184663
6315,0.757663
8410,0.659753
4535,0.246021
5991,0.566713
1874,0.564019
1898,0.247444
3557,0.906918
8587,0.765283
4190,0.271875
7261,0.64774
6854,0.554247
9375,0.574868
6317,0.723888
7713,0.743147
7058,0.793229
7628,0.598352
3513,0.508159
7953,0.764793
3445,0.462949
8461,0.614933
2834,0.39512
3414,0.619586
9262,0.808637
9235,0.111265
3146,0.391378
3379,0.197356
1701,0.473665
5527,0.443196
8031,0.639887
4032,0.692086
9782,0.678207
7656,0.705754
2985,0.841003
9334,0.650988
3343,0.359195
4760,0.630806
10311,0.61243
2609,0.690488
5117,0.155929
6724,0.917685
671,0.87568
798,0.304735
2341,0.690228
4262,0.77574
1950,0.807366
799,0.888155
2575,0.75052
660,0.89924
6432,0.61625
3168,0.799004
7435,0.861272
4010,0.844776
2882,0.698964
5930,0.854377
7716,0.273911
4054,0.284639
3148,0.420941
670,0.501554
3519,0.376612
5770,0.240735
8876,0.648411
8357,0.595771
1620,0.671176
8558,0.455642
6786,0.767025
3825,0.387925
5857,0.449523
7685,0.663958
3947,0.301746
6449,0.178221
8636,0.47919
6046,0.666041
3205,0.214659
9435,0.846759
6865,0.24993
281,0.897535
6922,0.252204
3536,0.253233
4555,0.277282
5364,0.648743
2483,0.741363
3524,0.698201
3117,0.564505
1152,0.478512
3912,0.187244
1297,0.68962
2896,0.27279
5804,0.915218
5722,0.762397
189,0.204159
2376,0.392738
4635,0.578306
4801,0.863735
5972,0.267055
2461,0.438109
1168,0.150639
5136,0.717969
7806,0.714397
2559,0.694517
2139,0.656146
10562,0.473953
1497,0.508901
4757,0.635908
1354,0.460056
5896,0.840877
6453,0.12044
1426,0.145599
4271,0.255137
7673,0.701327
7782,0.308522
8181,0.369058
1797,0.496533
8615,0.732111
3097,0.737557
5306,0.615701
9633,0.325899
8700,0.0746131
9876,0.809261
8045,0.679756
7750,0.288101
6370,0.73669
7093,0.616551
8018,0.233422
1118,0.364868
4849,0.631412
9627,0.262744
829,0.421919
4164,0.53224
1707,0.78234
6752,0.175521
6236,0.40713
4052,0.142718
5283,0.414251
2856,0.670912
4630,0.621249
9563,0.868982
6576,0.742993
5721,0.375613
4305,0.703206
8972,0.24194
1694,0.85985
3582,0.813056
3913,0.434257
470,0.603272
4195,0.294699
3422,0.442356
9744,0.401718
4206,0.340596
7971,0.605481
141,0.418382
1994,0.844603
1602,0.701803
1031,0.107362
9150,0.471903
8528,0.210617
7545,0.1003
7448,0.0684041
1821,0.397115
10075,0.429302
5242,0.247424
822,0.255669
4826,0.446182
910,0.443566
10147,0.599753
2018,0.804527
8916,0.330727
4880,0.57876
184,0.19976
6081,0.832624
4281,0.193067
7418,0.929181
6054,0.297531
7972,0.574994
4894,0.829477
5313,0.696743
5046,0.222423
7183,0.619382
5347,0.272079
5051,0.770925
495,0.590435
5985,0.812124
1227,0.804494
7594,0.710949
6178,0.0868566
9344,0.66026
3681,0.878423
2805,0.688179
8237,0.404377
5139,0.625324
2347,0.419497
1978,0.235092
7824,0.626266
873,0.681227
2569,0.419506
4704,0.68779
6974,0.681632
4454,0.0348004
35,0.51364
8231,0.177353
9280,0.334854
6567,0.515653
2088,0.848346
925,0.792738
9958,0.315174
5234,0.298517
7623,0.488858
6074,0.526706
8115,0.436383
10462,0.664106
5008,0.438415
1256,0.159613
5001,0.533597
6885,0.178092
7509,0.745878
6251,0.700351
7250,0.686255
9502,0.62096
267,0.507886
4109,0.753823
819,0.268835
9397,0.721576
3707,0.52082
870,0.889199
10203,0.624888
9241,0.675588
5215,0.389207
982,0.759866
3878,0.0817814
1847,0.482528
10457,0.832366
7811,0.458225
6205,0.200589
8311,0.430241
7657,0.310608
8174,0.496806
2119,0.350709
7893,0.661764
7754,0.656404
3684,0.398711
3585,0.40431
300,0.0873187
9176,0.897005
5879,0.843802
1457,0.80007
5040,0.493903
1862,0.557561
9749,0.884418
161,0.874736
6134,0.772934
4995,0.18516
54,0.223327
5125,0.39043
2032,0.484122
8210,0.117158
3816,0.186397
1769,0.69849
6156,0.630404
8667,0.720581
2974,0.566148
3417,0.285933
2835,0.570544
1668,0.773461
10028,0.415443
5619,0.473126
3169,0.715318
9153,0.315136
8746,0.698782
8049,0.664307
10564,0.634662
8691,0.444893
2765,0.887906
52,0.51647
2663,0.497355
3014,0.714142
9453,0.673853
8078,0.565137
2356,0.46041
7595,0.675834
2195,0.637864
7633,0.685235
1259,0.138034
5214,0.247811
531,0.439445
2398,0.460461
5458,0.835887
2794,0.68339
153,0.263929
256,0.579503
8787,0.558082
4496,0.769561
9649,0.273469
461,0.15455
502,0.216439
529,0.169998
5529,0.451071
9391,0.8511
1032,0.680638
9896,0.384596
5557,0.712278
1836,0.38443
3476,0.261407
7104,0.229803
5480,0.369283
1717,0.6557
1333,0.865764
1806,0.421484
8297,0.36548
2806,0.25271
3407,0.413479
10518,0.239353
6043,0.355179
8857,0.613693
8456,0.398278
427,0.170722
4028,0.699009
1988,0.138377
7354,0.346006
2393,0.440755
452,0.660803
5445,0.630832
7637,0.917794
5486,0.599664
4175,0.662748
6068,0.267426
8968,0.570663
9384,0.710909
7470,0.596752
9319,0.797744
5817,0.870691
10294,0.858871
1313,0.494626
10181,0.307556
5269,0.191801
127,0.222451
989,0.738073
10234,0.487022
4799,0.885962
3834,0.362649
9206,0.193049
4753,0.233186
4437,0.357576
3520,0.738909
10124,0.171709
1318,0.397548
2055,0.628632
690,0.778871
1294,0.423769
6522,0.820853
4453,0.14462
624,0.177019
2863,0.836367
4922,0.310332
4120,0.432958
8164,0.366924
2317,0.301496
6058,0.200057
1428,0.648952
3577,0.687562
5811,0.808323
1430,0.618825
4488,0.56897
9634,0.885323
4482,0.832428
4580,0.893268
2571,0.0966281
10499,0.872245
3932,0.342388
377,0.762948
5851,0.349407
6384,0.826361
6470,0.264167
8505,0.311064
4268,0.583897
10397,0.386108
4309,0.0732514
1949,0.611591
2097,0.485769
9709,0.360553
4936,0.532536
4033,0.540069
3828,0.705205
8862,0.196344
374,0.661578
401,0.877431
10015,0.706582
7613,0.311829
4397,0.741034
2329,0.658753
4733,0.753264
1552,0.467864
2486,0.796379
940,0.364906
7118,0.869195
8060,0.780976
1550,0.315693
6202,0.115872
8980,0.714527
8162,0.876891
10066,0.163962
7981,0.664173
7336,0.81684
6277,0.505159
1670,0.779864
6007,0.406903
7832,0.63941
2612,0.247455
8320,0.898111
1779,0.905369
6107,0.211458
2537,0.889229
2726,0.74759
8717,0.527523
2201,0.325164
6276,0.322298
3293,0.394354
7907,0.561912
7321,0.350909
840,0.443849
1081,0.233075
8289,0.646977
343,0.26893
8184,0.226567
7166,0.691212
8805,0.829176
9407,0.381551
5573,0.312447
9330,0.721243
2215,0.77829
4105,0.150983
7699,0.116236
5850,0.328747
10228,0.665498
638,0.611268
5633,0.495651
5919,0.360913
4573,0.43052
7164,0.477538
5093,0.694925
9815,0.646668
8411,0.801992
8955,0.907577
9556,0.434708
7349,0.669416
8436,0.830127
2631,0.837478
2739,0.858138
3930,0.557404
6833,0.557242
9186,0.883977
3150,0.188454
8328,0.6606
4006,0.674221
3065,0.402851
3305,0.121528
2506,0.195478
9737,0.840949
5178,0.109855
9452,0.69019
10111,0.671185
1652,0.377182
10134,0.61694
7247,0.208699
4363,0.776473
1712,0.877109
4232,0.204859
5626,0.0802219
3049,0.704419
5397,0.270013
8637,0.158846
8785,0.30918
4438,0.674594
1410,0.190463
6902,0.303781
187,0.184461
3883,0.66796
3988,0.709594
5620,0.352063
2904,0.274523
3926,0.221516
9020,0.17249
2947,0.474478
2364,0.65127
5291,0.824066
7078,0.285884
4477,0.212549
4333,0.610785
9247,0.369144
6957,0.222131
7281,0.538121
4012,0.627597
975,0.753482
8037,0.692874
10408,0.825236
2900,0.660036
6457,0.688922
9292,0.635878
2115,0.29696
9001,0.716242
8981,0.348521
6085,0.478031
49,0.393097
210,0.138548
1607,0.502192
5256,0.36293
3170,0.863834
147,0.628808
7627,0.701212
83,0.259712
3686,0.21199
5133,0.749867
935,0.137615
2875,0.661178
7277,0.25993
55,0.840397
1253,0.470099
3406,0.625636
2474,0.851365
8451,0.0871058
7301,0.759835
8466,0.321797
7499,0.679712
4926,0.878044
9033,0.441098
3999,0.14848
1017,0.172886
947,0.640724
7798,0.482866
6280,0.452495
6393,0.494
8056,0.0771912
9003,0.319048
4481,0.266559
5134,0.552668
4804,0.496253
34,0.452988
5659,0.933938
4519,0.177222
6272,0.823584
765,0.201036
3752,0.535736
1753,0.523317
2123,0.151446
1802,0.238826
7678,0.578319
4547,0.334493
3793,0.152285
7453,0.422998
5330,0.534292
4093,0.691434
2362,0.533174
7116,0.378474
3135,0.696169
10536,0.0754029
8484,0.316107
9002,0.318293
10204,0.468884
7570,0.374768
1275,0.831319
3630,0.185561
9096,0.359439
3475,0.197152
4818,0.761044
2019,0.350443
10402,0.140763
643,0.558461
9927,0.227885
2827,0.161215
288,0.681208
7886,0.785274
6584,0.818914
5554,0.742809
6329,0.465112
1233,0.57782
2541,0.254437
1150,0.316134
8459,0.689848
1814,0.204286
5564,0.303712
4306,0.682165
2144,0.169086
9792,0.283151
4634,0.321658
10084,0.172577
9847,0.118281
8510,0.451724
8921,0.657989
2509,0.839377
2111,0.635305
7505,0.658965
556,0.345889
9596,0.888032
1863,0.341942
8172,0.174413
8404,0.881623
3607,0.633414
7802,0.435797
3503,0.310228
5624,0.453064
331,0.817734
542,0.844972
9705,0.280681
3592,0.51893
5018,0.654663
5800,0.903983
8651,0.292525
7600,0.279765
9509,0.0328398
5431,0.413727
7454,0.0844587
8106,0.0888396
3137,0.672556
702,0.63211
6287,0.580211
5657,0.27624
8027,0.486397
5350,0.183094
30,0.777604
2677,0.553748
3898,0.336438
9451,0.833658
9949,0.594429
8074,0.277377
6618,0.685648
8351,0.136142
7861,0.716649
8914,0.647136
9820,0.461093
9148,0.685824
1334,0.225383
1684,0.607816
6414,0.299343
6967,0.504045
1726,0.599226
9178,0.442178
6642,0.171913
1024,0.694068
6437,0.462143
7042,0.747336
5319,0.351495
4594,0.633011
3702,0.633444
4882,0.646773
4243,0.549023
4750,0.0940323
5735,0.76287
1432,0.446988
7576,0.79191
7455,0.359739
5563,0.451949
2291,0.863775
5386,0.403574
8490,0.203604
2357,0.303531
5473,0.899622
7091,0.854147
2464,0.223306
2801,0.700586
6604,0.655538
2122,0.656057
4320,0.886121
1841,0.668836
8129,0.392211
3149,0.42739
10525,0.777833
1869,0.277495
8664,0.255893
1941,0.590722
5216,0.68755
7993,0.195652
7327,0.422249
4076,0.132176
6544,0.433805
3300,0.663537
9139,0.64318
6761,0.75713
2220,0.224806
5661,0.291594
1676,0.305141
1572,0.769879
9545,0.213633
212,0.614338
2498,0.221938
5758,0.389577
241,0.881705
7872,0.645393
10546,0.289401
9615,0.706939
882,0.394445
5753,0.178359
547,0.444695
10275,0.134765
7686,0.783249
6508,0.82789
4296,0.675321
6625,0.67013
404,0.189056
1289,0.511499
5239,0.690616
10261,0.605134
2649,0.116743
9886,0.723279
5341,0.406802
869,0.745928
5533,0.662479
1560,0.864495
9892,0.232759
1933,0.296796
5885,0.207151
7833,0.279754
7296,0.166602
7373,0.786495
8983,0.286106
5842,0.471998
2194,0.300261
132,0.575336
2659,0.746333
7896,0.401819
7887,0.599026
5745,0.894039
2409,0.801603
2253,0.716066
1434,0.695288
6946,0.174894
6510,0.768045
6982,0.345287
8999,0.394204
5170,0.448265
10158,0.16912
234,0.395775
9034,0.764525
3801,0.897925
3887,0.62842
10361,0.635005
5385,0.856109
6575,0.799574
3560,0.241233
2112,0.576879
4307,0.619442
8704,0.64413
10476,0.717836
4637,0.277623
2953,0.883265
1320,0.82486
3264,0.660975
7904,0.827724
9144,0.922177
4494,0.726662
4819,0.670498
3781,0.35334
3459,0.617077
5681,0.43076
6507,0.589983
3722,0.706063
398,0.125937
9377,0.584894
978,0.679461
3104,0.834168
2693,0.510709
3803,0.626
9533,0.838491
1173,0.681328
10307,0.606549
10326,0.284279
5113,0.462912
1116,0.600255
10452,0.82243
8013,0.170891
6491,0.21568
9906,0.840711
7531,0.476608
102,0.357338
5233,0.863368
1661,0.798065
8280,0.448248
1000,0.707514
3743,0.688801
1501,0.866919
3809,0.613751
8647,0.717232
1959,0.39801
1690,0.305122
5498,0.685067
837,0.423457
8788,0.835292
4114,0.732846
1413,0.665466
6836,0.947571
4240,0.438331
1908,0.898098
5750,0.457264
10087,0.279532
2680,0.697419
4323,0.721923
4439,0.929698
8517,0.390143
933,0.874637
33,0.799819
4295,0.285017
3258,0.708153
7497,0.21283
9276,0.486945
9811,0.549165
3833,0.482558
7682,0.39801
1748,0.34602
3693,0.253788
3608,0.60523
10230,0.317265
5468,0.176331
10464,0.823453
6932,0.493538
3616,0.537643
9603,0.954776
10394,0.649751
5509,0.658392
3731,0.868778
5827,0.124862
10527,0.836226
7004,0.831566
3210,0.690079
59,0.828478
2660,0.852225
1909,0.460572
8569,0.854578
2862,0.161606
5966,0.51039
2639,0.296377
6838,0.745376
9527,0.245406
5345,0.848747
7702,0.671008
3242,0.157923
6516,0.356345
10412,0.366697
8213,0.379765
2598,0.833208
6193,0.232143
9593,0.782426
6646,0.778102
5388,0.310272
6413,0.70318
1540,0.427512
8660,0.0599723
2999,0.568711
3194,0.354105
9437,0.845203
9473,0.517369
877,0.449523
9640,0.413471
4434,0.49702
8385,0.600995
2542,0.303783
3281,0.523241
7820,0.366692
1418,0.774102
6079,0.660653
3685,0.15363
9361,0.249837
3364,0.624377
7495,0.479884
8226,0.656798
8043,0.600539
9924,0.215269
6018,0.40161
3,00.720067
4592,0.294763
10125,0.585332
8900,0.506396
7028,0.89216
3419,0.595649
5514,0.556399
2770,0.348892
5007,0.682156
1931,0.427925
9768,0.577928
3337,0.424253
703,0.26065
6685,0.407545
6064,0.443109
1881,0.259022
4842,0.601609
8432,0.379871
3569,0.267439
9797,0.41064
2829,0.122011
3739,0.49533
2128,0.4699
2372,0.593577
3354,0.345803
3321,0.815562
8532,0.841809
1800,0.65768
2560,0.378469
3936,0.740655
2588,0.517573
4890,0.883678
8912,0.796017
6192,0.189225
8658,0.177408
5272,0.618297
10404,0.705256
2299,0.281067
9419,0.130258
3018,0.61097
8642,0.676093
6594,0.199486
8852,0.346719
9212,0.448885
7081,0.863275
8469,0.369187
1372,0.202595
2514,0.386019
2311,0.233571
5548,0.469771
9024,0.51333
10324,0.186626
7735,0.297534
1488,0.913374
9130,0.854199
2307,0.828292
2374,0.281777
10519,0.72369
10264,0.75388
9908,0.434576
1073,0.514431
118,0.79879
8884,0.259379
242,0.234927
6300,0.410918
5422,0.563666
899,0.613267
773,0.262116
70,0.962019
9249,0.347455
8847,0.342696
432,0.10387
468,0.915411
7830,0.655235
4642,0.614464
1782,0.804237
8683,0.52291
8551,0.268386
5224,0.476967
922,0.494321
757,0.860611
1101,0.259017
6804,0.15044
9266,0.860891
6487,0.341678
5627,0.336667
4972,0.627794
3596,0.818575
1420,0.589785
10209,0.641895
8629,0.624605
3147,0.899841
9821,0.803885
10377,0.424886
456,0.202441
9887,0.552431
8864,0.549632
5665,0.244919
1764,0.194664
9198,0.807714
7536,0.543381
991,0.895091
1537,0.600505
3450,0.882659
5663,0.744808
4221,0.443945
3350,0.440176
943,0.311092
3203,0.549516
1144,0.338527
2334,0.773185
7074,0.770346
10071,0.626284
7540,0.845433
4143,0.135151
6643,0.469668
1067,0.237527
6356,0.78062
8133,0.208461
108,0.320816
308,0.504535
7432,0.447905
2652,0.602754
4740,0.843868
7048,0.163456
490,0.183521
6808,0.326839
7990,0.431928
4460,0.111786
6803,0.823582
2414,0.374394
8085,0.37754
2031,0.822431
8476,0.647446
9840,0.913029
2853,0.434025
8114,0.710369
6245,0.855588
8918,0.277548
2621,0.547177
5344,0.64616
3775,0.182515
631,0.59934
10481,0.381915
8188,0.910459
9830,0.755807
5426,0.435942
6688,0.639464
4132,0.736313
588,0.661045
5600,0.478475
4743,0.444494
8711,0.367605
6039,0.133438
4576,0.577056
6941,0.209227
10202,0.586696
6632,0.43548
1079,0.583673
9642,0.618135
5401,0.348491
600,0.177446
4873,0.358115
5558,0.397392
483,0.0978965
10378,0.926515
9004,0.0666676
2809,0.820971
9542,0.788095
3215,0.0980781
6924,0.473955
7213,0.816378
3105,0.816992
9771,0.832802
632,0.651651
3232,0.619801
1543,0.338769
2164,0.693191
4559,0.155747
9530,0.547487
2033,0.445047
2842,0.450339
4186,0.0654042
4078,0.274807
8093,0.695973
7286,0.75314
7044,0.687482
9234,0.586702
8536,0.328835
307,0.796075
4382,0.828673
1350,0.201203
4632,0.666807
5639,0.474665
6445,0.462778
10511,0.179445
8601,0.162947
137,0.631006
2298,0.696847
8978,0.135966
7218,0.165461
856,0.544364
736,0.321239
7719,0.256256
3177,0.557114
2564,0.785114
3123,0.73483
4827,0.616719
6386,0.160697
708,0.846326
1414,0.907138
7190,0.80145
10298,0.496423
838,0.692773
10145,0.856481
3071,0.659413
5329,0.318661
462,0.542385
9809,0.280365
7279,0.893676
2707,0.0953396
3671,0.674417
516,0.812184
10395,0.34566
8167,0.463421
2138,0.62487
5192,0.132193
1377,0.150157
1390,0.263262
1244,0.195471
8424,0.279682
205,0.168739
9592,0.595298
116,0.476841
8306,0.317266
7649,0.849853
9560,0.625517
2102,0.137547
10490,0.565076
97,0.659226
7618,0.469941
9413,0.221012
6148,0.701391
7147,0.78002
2430,0.888377
7539,0.873199
7475,0.765033
7796,0.912036
1582,0.61294
8454,0.180336
3164,0.170373
2375,0.878607
980,0.293343
10233,0.356362
2271,0.525662
7843,0.287326
6165,0.751659
3449,0.634176
8757,0.614461
9757,0.810838
6925,0.664318
6191,0.66244
6985,0.324715
9064,0.226134
2691,0.842795
657,0.481415
858,0.349371
6677,0.837688
642,0.586744
2627,0.523278
1569,0.78179
3674,0.243887
10095,0.525675
7423,0.433397
4993,0.134142
4983,0.211346
7070,0.746424
700,0.790493
2447,0.23706
2380,0.847313
8418,0.675282
1288,0.202782
9400,0.123927
8530,0.257327
784,0.19407
2969,0.261534
892,0.856951
5679,0.481977
4650,0.473835
994,0.887074
9751,0.724142
9462,0.265258
4958,0.799163
506,0.71806
4631,0.274213
4321,0.256513
5617,0.574844
7571,0.816411
6873,0.343777
7964,0.184317
4567,0.603972
7429,0.858566
3615,0.195388
8744,0.0907534
1142,0.274729
6189,0.238097
3411,0.488961
9133,0.38882
5806,0.54619
2385,0.442335
801,0.711672
4672,0.370852
6530,0.778602
260,0.343158
6624,0.687226
2001,0.694818
8403,0.704815
4935,0.306813
7264,0.670319
9714,0.863379
5903,0.722484
3176,0.753643
7441,0.758878
